family,processor,vCPU,ram(GB),price($/h),daily_price,weekly_price,monthly_price
A1,Ampere Altra Q80-30,1,2.0,0.0,0.0,0.0,0.0
A1,Ampere Altra Q80-30,1,4.0,0.0,0.0,0.0,0.0
A1,Ampere Altra Q80-30,1,8.0,0.0,0.0,0.0,0.0
A1,Ampere Altra Q80-30,1,16.0,0.0,0.0,0.0,0.0
A1,Ampere Altra Q80-30,2,4.0,0.0,0.0,0.0,0.0
A1,Ampere Altra Q80-30,2,8.0,0.0,0.0,0.0,0.0
A1,Ampere Altra Q80-30,2,16.0,0.0,0.0,0.0,0.0
A1,Ampere Altra Q80-30,2,32.0,0.0,0.0,0.0,8.04
A1,Ampere Altra Q80-30,4,8.0,0.0,0.0,0.0,0.0
A1,Ampere Altra Q80-30,4,16.0,0.0,0.0,0.0,0.0
A1,Ampere Altra Q80-30,4,32.0,0.0,0.0,0.0,8.04
A1,Ampere Altra Q80-30,4,64.0,0.0,0.0,0.0,43.08
A1,Ampere Altra Q80-30,8,16.0,0.0,0.0,0.0,28.4
A1,Ampere Altra Q80-30,8,32.0,0.0,0.0,0.0,36.44
A1,Ampere Altra Q80-30,8,64.0,0.0,0.0,0.0,71.48
A1,Ampere Altra Q80-30,8,128.0,0.0,0.0,5.26,141.56
A1,Ampere Altra Q80-30,16,32.0,0.0,0.0,0.0,94.84
A1,Ampere Altra Q80-30,16,64.0,0.0,0.0,0.0,129.88
A1,Ampere Altra Q80-30,16,128.0,0.0,0.0,5.26,199.96
A1,Ampere Altra Q80-30,16,256.0,0.0,0.0,37.51,340.12
A1,Ampere Altra Q80-30,32,64.0,0.0,0.0,23.76,246.68
A1,Ampere Altra Q80-30,32,128.0,0.0,0.0,29.02,316.76
A1,Ampere Altra Q80-30,32,256.0,0.0,0.0,61.27,456.92
A1,Ampere Altra Q80-30,48,96.0,0.0,0.0,50.64,398.52
A1,Ampere Altra Q80-30,48,192.0,0.0,0.0,72.02,503.64
A1,Ampere Altra Q80-30,48,384.0,0.0,0.0,120.41,713.88
A1,Ampere Altra Q80-30,64,128.0,0.0,0.0,82.78,550.36
A1,Ampere Altra Q80-30,64,256.0,0.0,0.0,115.03,690.52
A2,Ampere AmpereOne A160-30,2,4.0,0.022,0.53,3.7,16.06
A2,Ampere AmpereOne A160-30,2,8.0,0.03,0.72,5.04,21.9
A2,Ampere AmpereOne A160-30,2,16.0,0.046,1.1,7.73,33.58
A2,Ampere AmpereOne A160-30,2,32.0,0.078,1.87,13.1,56.94
A2,Ampere AmpereOne A160-30,4,8.0,0.044,1.06,7.39,32.12
A2,Ampere AmpereOne A160-30,4,16.0,0.06,1.44,10.08,43.8
A2,Ampere AmpereOne A160-30,4,32.0,0.092,2.21,15.46,67.16
A2,Ampere AmpereOne A160-30,4,64.0,0.156,3.74,26.21,113.88
A2,Ampere AmpereOne A160-30,8,16.0,0.088,2.11,14.78,64.24
A2,Ampere AmpereOne A160-30,8,32.0,0.12,2.88,20.16,87.6
A2,Ampere AmpereOne A160-30,8,64.0,0.184,4.42,30.91,134.32
A2,Ampere AmpereOne A160-30,8,128.0,0.312,7.49,52.42,227.76
A2,Ampere AmpereOne A160-30,16,32.0,0.176,4.22,29.57,128.48
A2,Ampere AmpereOne A160-30,16,64.0,0.24,5.76,40.32,175.2
A2,Ampere AmpereOne A160-30,16,128.0,0.368,8.83,61.82,268.64
A2,Ampere AmpereOne A160-30,16,256.0,0.624,14.98,104.83,455.52
A2,Ampere AmpereOne A160-30,32,64.0,0.352,8.45,59.14,256.96
A2,Ampere AmpereOne A160-30,32,128.0,0.48,11.52,80.64,350.4
A2,Ampere AmpereOne A160-30,32,256.0,0.736,17.66,123.65,537.28
A2,Ampere AmpereOne A160-30,32,512.0,1.248,29.95,209.66,911.04
A2,Ampere AmpereOne A160-30,48,96.0,0.528,12.67,88.7,385.44
A2,Ampere AmpereOne A160-30,48,192.0,0.72,17.28,120.96,525.6
A2,Ampere AmpereOne A160-30,48,384.0,1.104,26.5,185.47,805.92
A2,Ampere AmpereOne A160-30,48,768.0,1.872,44.93,314.5,1366.56
A2,Ampere AmpereOne A160-30,64,128.0,0.704,16.9,118.27,513.92
A2,Ampere AmpereOne A160-30,64,256.0,0.96,23.04,161.28,700.8
A2,Ampere AmpereOne A160-30,64,512.0,1.472,35.33,247.3,1074.56
A2,Ampere AmpereOne A160-30,96,192.0,1.056,25.34,177.41,770.88
A2,Ampere AmpereOne A160-30,96,384.0,1.44,34.56,241.92,1051.2
A2,Ampere AmpereOne A160-30,96,768.0,2.208,52.99,370.94,1611.84
A2,Ampere AmpereOne A160-30,128,256.0,1.408,33.79,236.54,1027.84
A2,Ampere AmpereOne A160-30,128,512.0,1.92,46.08,322.56,1401.6
A4,Ampere AmpereOne M A06-36M,2,4.0,0.0246,0.59,4.13,17.96
A4,Ampere AmpereOne M A06-36M,2,8.0,0.0354,0.85,5.95,25.84
A4,Ampere AmpereOne M A06-36M,2,16.0,0.057,1.37,9.58,41.61
A4,Ampere AmpereOne M A06-36M,2,32.0,0.1002,2.4,16.83,73.15
A4,Ampere AmpereOne M A06-36M,4,8.0,0.0492,1.18,8.27,35.92
A4,Ampere AmpereOne M A06-36M,4,16.0,0.0708,1.7,11.89,51.68
A4,Ampere AmpereOne M A06-36M,4,32.0,0.114,2.74,19.15,83.22
A4,Ampere AmpereOne M A06-36M,4,64.0,0.2004,4.81,33.67,146.29
A4,Ampere AmpereOne M A06-36M,8,16.0,0.0984,2.36,16.53,71.83
A4,Ampere AmpereOne M A06-36M,8,32.0,0.1416,3.4,23.79,103.37
A4,Ampere AmpereOne M A06-36M,8,64.0,0.228,5.47,38.3,166.44
A4,Ampere AmpereOne M A06-36M,8,128.0,0.4008,9.62,67.33,292.58
A4,Ampere AmpereOne M A06-36M,16,32.0,0.1968,4.72,33.06,143.66
A4,Ampere AmpereOne M A06-36M,16,64.0,0.2832,6.8,47.58,206.74
A4,Ampere AmpereOne M A06-36M,16,128.0,0.456,10.94,76.61,332.88
A4,Ampere AmpereOne M A06-36M,16,256.0,0.8016,19.24,134.67,585.17
A4,Ampere AmpereOne M A06-36M,32,64.0,0.3936,9.45,66.12,287.33
A4,Ampere AmpereOne M A06-36M,32,128.0,0.5664,13.59,95.16,413.47
A4,Ampere AmpereOne M A06-36M,32,256.0,0.912,21.89,153.22,665.76
A4,Ampere AmpereOne M A06-36M,32,512.0,1.6032,38.48,269.34,1170.34
A4,Ampere AmpereOne M A06-36M,48,96.0,0.5904,14.17,99.19,430.99
A4,Ampere AmpereOne M A06-36M,48,192.0,0.8496,20.39,142.73,620.21
A4,Ampere AmpereOne M A06-36M,48,384.0,1.368,32.83,229.82,998.64
A4,Ampere AmpereOne M A06-36M,64,128.0,0.7872,18.89,132.25,574.66
A4,Ampere AmpereOne M A06-36M,64,256.0,1.1328,27.19,190.31,826.94
A4,Ampere AmpereOne M A06-36M,64,512.0,1.824,43.78,306.43,1331.52
A4 Ax,Ampere AmpereOne M 192-36M,2,4.0,0.0526,1.26,8.84,38.4
A4 Ax,Ampere AmpereOne M 192-36M,2,8.0,0.0862,2.07,14.48,62.93
A4 Ax,Ampere AmpereOne M 192-36M,2,16.0,0.1534,3.68,25.77,111.98
A4 Ax,Ampere AmpereOne M 192-36M,2,32.0,0.2878,6.91,48.35,210.09
A4 Ax,Ampere AmpereOne M 192-36M,4,8.0,0.1052,2.52,17.67,76.8
A4 Ax,Ampere AmpereOne M 192-36M,4,16.0,0.1724,4.14,28.96,125.85
A4 Ax,Ampere AmpereOne M 192-36M,4,32.0,0.3068,7.36,51.54,223.96
A4 Ax,Ampere AmpereOne M 192-36M,4,64.0,0.5756,13.81,96.7,420.19
A4 Ax,Ampere AmpereOne M 192-36M,8,16.0,0.2104,5.05,35.35,153.59
A4 Ax,Ampere AmpereOne M 192-36M,8,32.0,0.3448,8.28,57.93,251.7
A4 Ax,Ampere AmpereOne M 192-36M,8,64.0,0.6136,14.73,103.08,447.93
A4 Ax,Ampere AmpereOne M 192-36M,8,128.0,1.1512,27.63,193.4,840.38
A4 Ax,Ampere AmpereOne M 192-36M,16,32.0,0.4208,10.1,70.69,307.18
A4 Ax,Ampere AmpereOne M 192-36M,16,64.0,0.6896,16.55,115.85,503.41
A4 Ax,Ampere AmpereOne M 192-36M,16,128.0,1.2272,29.45,206.17,895.86
A4 Ax,Ampere AmpereOne M 192-36M,16,256.0,2.3024,55.26,386.8,1680.75
A4 Ax,Ampere AmpereOne M 192-36M,32,64.0,0.8416,20.2,141.39,614.37
A4 Ax,Ampere AmpereOne M 192-36M,32,128.0,1.3792,33.1,231.71,1006.82
A4 Ax,Ampere AmpereOne M 192-36M,32,256.0,2.4544,58.91,412.34,1791.71
A4 Ax,Ampere AmpereOne M 192-36M,32,512.0,4.6048,110.52,773.61,3361.5
A4 Ax,Ampere AmpereOne M 192-36M,48,96.0,1.2624,30.3,212.08,921.55
A4 Ax,Ampere AmpereOne M 192-36M,48,192.0,2.0688,49.65,347.56,1510.22
A4 Ax,Ampere AmpereOne M 192-36M,48,384.0,3.6816,88.36,618.51,2687.57
A4 Ax,Ampere AmpereOne M 192-36M,64,128.0,1.6832,40.4,282.78,1228.74
A4 Ax,Ampere AmpereOne M 192-36M,64,256.0,2.7584,66.2,463.41,2013.63
A4 Ax,Ampere AmpereOne M 192-36M,64,512.0,4.9088,117.81,824.68,3583.42
E4,AMD EPYC 7J13,2,4.0,0.031,0.74,5.21,22.63
E4,AMD EPYC 7J13,2,8.0,0.037,0.89,6.22,27.01
E4,AMD EPYC 7J13,2,16.0,0.049,1.18,8.23,35.77
E4,AMD EPYC 7J13,2,32.0,0.073,1.75,12.26,53.29
E4,AMD EPYC 7J13,4,8.0,0.062,1.49,10.42,45.26
E4,AMD EPYC 7J13,4,16.0,0.074,1.78,12.43,54.02
E4,AMD EPYC 7J13,4,32.0,0.098,2.35,16.46,71.54
E4,AMD EPYC 7J13,4,64.0,0.146,3.5,24.53,106.58
E4,AMD EPYC 7J13,8,16.0,0.124,2.98,20.83,90.52
E4,AMD EPYC 7J13,8,32.0,0.148,3.55,24.86,108.04
E4,AMD EPYC 7J13,8,64.0,0.196,4.7,32.93,143.08
E4,AMD EPYC 7J13,8,128.0,0.292,7.01,49.06,213.16
E4,AMD EPYC 7J13,16,32.0,0.248,5.95,41.66,181.04
E4,AMD EPYC 7J13,16,64.0,0.296,7.1,49.73,216.08
E4,AMD EPYC 7J13,16,128.0,0.392,9.41,65.86,286.16
E4,AMD EPYC 7J13,16,256.0,0.584,14.02,98.11,426.32
E4,AMD EPYC 7J13,32,64.0,0.496,11.9,83.33,362.08
E4,AMD EPYC 7J13,32,128.0,0.592,14.21,99.46,432.16
E4,AMD EPYC 7J13,32,256.0,0.784,18.82,131.71,572.32
E4,AMD EPYC 7J13,32,512.0,1.168,28.03,196.22,852.64
E4,AMD EPYC 7J13,48,96.0,0.744,17.86,124.99,543.12
E4,AMD EPYC 7J13,48,192.0,0.888,21.31,149.18,648.24
E4,AMD EPYC 7J13,48,384.0,1.176,28.22,197.57,858.48
E4,AMD EPYC 7J13,48,768.0,1.752,42.05,294.34,1278.96
E4,AMD EPYC 7J13,64,128.0,0.992,23.81,166.66,724.16
E4,AMD EPYC 7J13,64,256.0,1.184,28.42,198.91,864.32
E4,AMD EPYC 7J13,64,512.0,1.568,37.63,263.42,1144.64
E4,AMD EPYC 7J13,64,1024.0,2.336,56.06,392.45,1705.28
E4,AMD EPYC 7J13,96,192.0,1.488,35.71,249.98,1086.24
E4,AMD EPYC 7J13,96,384.0,1.776,42.62,298.37,1296.48
E4,AMD EPYC 7J13,96,768.0,2.352,56.45,395.14,1716.96
E4,AMD EPYC 7J13,96,1536.0,3.504,84.1,588.67,2557.92
E4,AMD EPYC 7J13,128,256.0,1.984,47.62,333.31,1448.32
E4,AMD EPYC 7J13,128,512.0,2.368,56.83,397.82,1728.64
E4,AMD EPYC 7J13,128,1024.0,3.136,75.26,526.85,2289.28
E4,AMD EPYC 7J13,192,384.0,2.976,71.42,499.97,2172.48
E4,AMD EPYC 7J13,192,768.0,3.552,85.25,596.74,2592.96
E4,AMD EPYC 7J13,192,1536.0,4.704,112.9,790.27,3433.92
E5,AMD EPYC 9J14,2,4.0,0.038,0.91,6.38,27.74
E5,AMD EPYC 9J14,2,8.0,0.046,1.1,7.73,33.58
E5,AMD EPYC 9J14,2,16.0,0.062,1.49,10.42,45.26
E5,AMD EPYC 9J14,2,32.0,0.094,2.26,15.79,68.62
E5,AMD EPYC 9J14,4,8.0,0.076,1.82,12.77,55.48
E5,AMD EPYC 9J14,4,16.0,0.092,2.21,15.46,67.16
E5,AMD EPYC 9J14,4,32.0,0.124,2.98,20.83,90.52
E5,AMD EPYC 9J14,4,64.0,0.188,4.51,31.58,137.24
E5,AMD EPYC 9J14,8,16.0,0.152,3.65,25.54,110.96
E5,AMD EPYC 9J14,8,32.0,0.184,4.42,30.91,134.32
E5,AMD EPYC 9J14,8,64.0,0.248,5.95,41.66,181.04
E5,AMD EPYC 9J14,8,128.0,0.376,9.02,63.17,274.48
E5,AMD EPYC 9J14,16,32.0,0.304,7.3,51.07,221.92
E5,AMD EPYC 9J14,16,64.0,0.368,8.83,61.82,268.64
E5,AMD EPYC 9J14,16,128.0,0.496,11.9,83.33,362.08
E5,AMD EPYC 9J14,16,256.0,0.752,18.05,126.34,548.96
E5,AMD EPYC 9J14,32,64.0,0.608,14.59,102.14,443.84
E5,AMD EPYC 9J14,32,128.0,0.736,17.66,123.65,537.28
E5,AMD EPYC 9J14,32,256.0,0.992,23.81,166.66,724.16
E5,AMD EPYC 9J14,32,512.0,1.504,36.1,252.67,1097.92
E5,AMD EPYC 9J14,48,96.0,0.912,21.89,153.22,665.76
E5,AMD EPYC 9J14,48,192.0,1.104,26.5,185.47,805.92
E5,AMD EPYC 9J14,48,384.0,1.488,35.71,249.98,1086.24
E5,AMD EPYC 9J14,48,768.0,2.256,54.14,379.01,1646.88
E5,AMD EPYC 9J14,64,128.0,1.216,29.18,204.29,887.68
E5,AMD EPYC 9J14,64,256.0,1.472,35.33,247.3,1074.56
E5,AMD EPYC 9J14,64,512.0,1.984,47.62,333.31,1448.32
E5,AMD EPYC 9J14,64,1024.0,3.008,72.19,505.34,2195.84
E5,AMD EPYC 9J14,96,192.0,1.824,43.78,306.43,1331.52
E5,AMD EPYC 9J14,96,384.0,2.208,52.99,370.94,1611.84
E5,AMD EPYC 9J14,96,768.0,2.976,71.42,499.97,2172.48
E5,AMD EPYC 9J14,96,1536.0,4.512,108.29,758.02,3293.76
E5,AMD EPYC 9J14,128,256.0,2.432,58.37,408.58,1775.36
E5,AMD EPYC 9J14,128,512.0,2.944,70.66,494.59,2149.12
E5,AMD EPYC 9J14,128,1024.0,3.968,95.23,666.62,2896.64
E5,AMD EPYC 9J14,128,2048.0,6.016,144.38,1010.69,4391.68
E5,AMD EPYC 9J14,192,384.0,3.648,87.55,612.86,2663.04
E5,AMD EPYC 9J14,192,768.0,4.416,105.98,741.89,3223.68
E5,AMD EPYC 9J14,192,1536.0,5.952,142.85,999.94,4344.96
E6,AMD EPYC 9J45,2,4.0,0.038,0.91,6.38,27.74
E6,AMD EPYC 9J45,2,8.0,0.046,1.1,7.73,33.58
E6,AMD EPYC 9J45,2,16.0,0.062,1.49,10.42,45.26
E6,AMD EPYC 9J45,2,32.0,0.094,2.26,15.79,68.62
E6,AMD EPYC 9J45,4,8.0,0.076,1.82,12.77,55.48
E6,AMD EPYC 9J45,4,16.0,0.092,2.21,15.46,67.16
E6,AMD EPYC 9J45,4,32.0,0.124,2.98,20.83,90.52
E6,AMD EPYC 9J45,4,64.0,0.188,4.51,31.58,137.24
E6,AMD EPYC 9J45,8,16.0,0.152,3.65,25.54,110.96
E6,AMD EPYC 9J45,8,32.0,0.184,4.42,30.91,134.32
E6,AMD EPYC 9J45,8,64.0,0.248,5.95,41.66,181.04
E6,AMD EPYC 9J45,8,128.0,0.376,9.02,63.17,274.48
E6,AMD EPYC 9J45,16,32.0,0.304,7.3,51.07,221.92
E6,AMD EPYC 9J45,16,64.0,0.368,8.83,61.82,268.64
E6,AMD EPYC 9J45,16,128.0,0.496,11.9,83.33,362.08
E6,AMD EPYC 9J45,16,256.0,0.752,18.05,126.34,548.96
E6,AMD EPYC 9J45,32,64.0,0.608,14.59,102.14,443.84
E6,AMD EPYC 9J45,32,128.0,0.736,17.66,123.65,537.28
E6,AMD EPYC 9J45,32,256.0,0.992,23.81,166.66,724.16
E6,AMD EPYC 9J45,32,512.0,1.504,36.1,252.67,1097.92
E6,AMD EPYC 9J45,48,96.0,0.912,21.89,153.22,665.76
E6,AMD EPYC 9J45,48,192.0,1.104,26.5,185.47,805.92
E6,AMD EPYC 9J45,48,384.0,1.488,35.71,249.98,1086.24
E6,AMD EPYC 9J45,48,768.0,2.256,54.14,379.01,1646.88
E6,AMD EPYC 9J45,64,128.0,1.216,29.18,204.29,887.68
E6,AMD EPYC 9J45,64,256.0,1.472,35.33,247.3,1074.56
E6,AMD EPYC 9J45,64,512.0,1.984,47.62,333.31,1448.32
E6,AMD EPYC 9J45,64,1024.0,3.008,72.19,505.34,2195.84
E6,AMD EPYC 9J45,96,192.0,1.824,43.78,306.43,1331.52
E6,AMD EPYC 9J45,96,384.0,2.208,52.99,370.94,1611.84
E6,AMD EPYC 9J45,96,768.0,2.976,71.42,499.97,2172.48
E6,AMD EPYC 9J45,128,256.0,2.432,58.37,408.58,1775.36
E6,AMD EPYC 9J45,128,512.0,2.944,70.66,494.59,2149.12
E6,AMD EPYC 9J45,128,1024.0,3.968,95.23,666.62,2896.64
E6,AMD EPYC 9J45,192,384.0,3.648,87.55,612.86,2663.04
E6,AMD EPYC 9J45,192,768.0,4.416,105.98,741.89,3223.68
E6 Ax,AMD EPYC 9J45,2,4.0,0.057,1.37,9.58,41.61
E6 Ax,AMD EPYC 9J45,2,8.0,0.1002,2.4,16.83,73.15
E6 Ax,AMD EPYC 9J45,2,16.0,0.1866,4.48,31.35,136.22
E6 Ax,AMD EPYC 9J45,2,32.0,0.3594,8.63,60.38,262.36
E6 Ax,AMD EPYC 9J45,4,8.0,0.114,2.74,19.15,83.22
E6 Ax,AMD EPYC 9J45,4,16.0,0.2004,4.81,33.67,146.29
E6 Ax,AMD EPYC 9J45,4,32.0,0.3732,8.96,62.7,272.44
E6 Ax,AMD EPYC 9J45,4,64.0,0.7188,17.25,120.76,524.72
E6 Ax,AMD EPYC 9J45,8,16.0,0.228,5.47,38.3,166.44
E6 Ax,AMD EPYC 9J45,8,32.0,0.4008,9.62,67.33,292.58
E6 Ax,AMD EPYC 9J45,8,64.0,0.7464,17.91,125.4,544.87
E6 Ax,AMD EPYC 9J45,8,128.0,1.4376,34.5,241.52,1049.45
E6 Ax,AMD EPYC 9J45,16,32.0,0.456,10.94,76.61,332.88
E6 Ax,AMD EPYC 9J45,16,64.0,0.8016,19.24,134.67,585.17
E6 Ax,AMD EPYC 9J45,16,128.0,1.4928,35.83,250.79,1089.74
E6 Ax,AMD EPYC 9J45,16,256.0,2.8752,69.0,483.03,2098.9
E6 Ax,AMD EPYC 9J45,32,64.0,0.912,21.89,153.22,665.76
E6 Ax,AMD EPYC 9J45,32,128.0,1.6032,38.48,269.34,1170.34
E6 Ax,AMD EPYC 9J45,32,256.0,2.9856,71.65,501.58,2179.49
E6 Ax,AMD EPYC 9J45,32,512.0,5.7504,138.01,966.07,4197.79
E6 Ax,AMD EPYC 9J45,48,96.0,1.368,32.83,229.82,998.64
E6 Ax,AMD EPYC 9J45,48,192.0,2.4048,57.72,404.01,1755.5
E6 Ax,AMD EPYC 9J45,48,384.0,4.4784,107.48,752.37,3269.23
E6 Ax,AMD EPYC 9J45,64,128.0,1.824,43.78,306.43,1331.52
E6 Ax,AMD EPYC 9J45,64,256.0,3.2064,76.95,538.68,2340.67
E6 Ax,AMD EPYC 9J45,64,512.0,5.9712,143.31,1003.16,4358.98
E6 Ax,AMD EPYC 9J45,96,192.0,2.736,65.66,459.65,1997.28
E6 Ax,AMD EPYC 9J45,96,384.0,4.8096,115.43,808.01,3511.01
E6 Ax,AMD EPYC 9J45,128,256.0,3.648,87.55,612.86,2663.04
E6 Ax,AMD EPYC 9J45,128,512.0,6.4128,153.91,1077.35,4681.34
X9,Intel Xeon Platinum 8358,2,4.0,0.046,1.1,7.73,33.58
X9,Intel Xeon Platinum 8358,2,8.0,0.052,1.25,8.74,37.96
X9,Intel Xeon Platinum 8358,2,16.0,0.064,1.54,10.75,46.72
X9,Intel Xeon Platinum 8358,2,32.0,0.088,2.11,14.78,64.24
X9,Intel Xeon Platinum 8358,4,8.0,0.092,2.21,15.46,67.16
X9,Intel Xeon Platinum 8358,4,16.0,0.104,2.5,17.47,75.92
X9,Intel Xeon Platinum 8358,4,32.0,0.128,3.07,21.5,93.44
X9,Intel Xeon Platinum 8358,4,64.0,0.176,4.22,29.57,128.48
X9,Intel Xeon Platinum 8358,8,16.0,0.184,4.42,30.91,134.32
X9,Intel Xeon Platinum 8358,8,32.0,0.208,4.99,34.94,151.84
X9,Intel Xeon Platinum 8358,8,64.0,0.256,6.14,43.01,186.88
X9,Intel Xeon Platinum 8358,8,128.0,0.352,8.45,59.14,256.96
X9,Intel Xeon Platinum 8358,16,32.0,0.368,8.83,61.82,268.64
X9,Intel Xeon Platinum 8358,16,64.0,0.416,9.98,69.89,303.68
X9,Intel Xeon Platinum 8358,16,128.0,0.512,12.29,86.02,373.76
X9,Intel Xeon Platinum 8358,16,256.0,0.704,16.9,118.27,513.92
X9,Intel Xeon Platinum 8358,32,64.0,0.736,17.66,123.65,537.28
X9,Intel Xeon Platinum 8358,32,128.0,0.832,19.97,139.78,607.36
X9,Intel Xeon Platinum 8358,32,256.0,1.024,24.58,172.03,747.52
X9,Intel Xeon Platinum 8358,32,512.0,1.408,33.79,236.54,1027.84
X9,Intel Xeon Platinum 8358,48,96.0,1.104,26.5,185.47,805.92
X9,Intel Xeon Platinum 8358,48,192.0,1.248,29.95,209.66,911.04
X9,Intel Xeon Platinum 8358,48,384.0,1.536,36.86,258.05,1121.28
X9,Intel Xeon Platinum 8358,48,768.0,2.112,50.69,354.82,1541.76
X9,Intel Xeon Platinum 8358,64,128.0,1.472,35.33,247.3,1074.56
X9,Intel Xeon Platinum 8358,64,256.0,1.664,39.94,279.55,1214.72
X9,Intel Xeon Platinum 8358,64,512.0,2.048,49.15,344.06,1495.04
X9,Intel Xeon Platinum 8358,96,192.0,2.208,52.99,370.94,1611.84
X9,Intel Xeon Platinum 8358,96,384.0,2.496,59.9,419.33,1822.08
X9,Intel Xeon Platinum 8358,96,768.0,3.072,73.73,516.1,2242.56
X12 Ax,Intel Xeon 6987P-C,2,4.0,0.0575,1.38,9.66,41.98
X12 Ax,Intel Xeon 6987P-C,2,8.0,0.1031,2.47,17.32,75.26
X12 Ax,Intel Xeon 6987P-C,2,16.0,0.1943,4.66,32.64,141.84
X12 Ax,Intel Xeon 6987P-C,2,32.0,0.3767,9.04,63.29,274.99
X12 Ax,Intel Xeon 6987P-C,4,8.0,0.115,2.76,19.32,83.95
X12 Ax,Intel Xeon 6987P-C,4,16.0,0.2062,4.95,34.64,150.53
X12 Ax,Intel Xeon 6987P-C,4,32.0,0.3886,9.33,65.28,283.68
X12 Ax,Intel Xeon 6987P-C,4,64.0,0.7534,18.08,126.57,549.98
X12 Ax,Intel Xeon 6987P-C,8,16.0,0.23,5.52,38.64,167.9
X12 Ax,Intel Xeon 6987P-C,8,32.0,0.4124,9.9,69.28,301.05
X12 Ax,Intel Xeon 6987P-C,8,64.0,0.7772,18.65,130.57,567.36
X12 Ax,Intel Xeon 6987P-C,8,128.0,1.5068,36.16,253.14,1099.96
X12 Ax,Intel Xeon 6987P-C,16,32.0,0.46,11.04,77.28,335.8
X12 Ax,Intel Xeon 6987P-C,16,64.0,0.8248,19.8,138.57,602.1
X12 Ax,Intel Xeon 6987P-C,16,128.0,1.5544,37.31,261.14,1134.71
X12 Ax,Intel Xeon 6987P-C,16,256.0,3.0136,72.33,506.28,2199.93
X12 Ax,Intel Xeon 6987P-C,32,64.0,0.92,22.08,154.56,671.6
X12 Ax,Intel Xeon 6987P-C,32,128.0,1.6496,39.59,277.13,1204.21
X12 Ax,Intel Xeon 6987P-C,32,256.0,3.1088,74.61,522.28,2269.42
X12 Ax,Intel Xeon 6987P-C,48,96.0,1.38,33.12,231.84,1007.4
X12 Ax,Intel Xeon 6987P-C,48,192.0,2.4744,59.39,415.7,1806.31
X12 Ax,Intel Xeon 6987P-C,64,128.0,1.84,44.16,309.12,1343.2
X12 Ax,Intel Xeon 6987P-C,64,256.0,3.2992,79.18,554.27,2408.42
